,criterion,max_depth,max_features,min_impurity_decrease,n_estimators,random_state,rsme
0,mae,21.0,0.57,0.84,865,37,0.09775915980472309
1,mae,20.0,0.22,0.11,369,39,0.09638255994398025
2,mse,32.0,0.74,0.78,740,94,0.0968236458091622
3,mse,61.0,0.33,0.59,771,28,0.09566684616840809
4,mse,41.0,0.83,0.36,673,22,0.09609496704778282
5,mae,51.0,0.86,0.65,338,37,0.0966607258657943
6,mae,26.0,0.82,0.79,786,58,0.09629627419272542
7,mae,59.0,0.81,0.54,835,35,0.09686098563418656
8,mse,27.0,0.16,0.69,278,99,0.095510556129297
9,mae,23.0,0.48,0.67,282,96,0.09625558450797937
10,mae,21.0,0.98,0.8,648,44,0.09505219838697151
11,mae,65.0,0.95,0.8,275,82,0.09587164277405999
12,mse,68.0,0.84,0.73,473,54,0.0954118890570547
13,mae,92.0,0.37,0.93,645,64,0.09515083879312831
14,mae,78.0,0.71,0.95,763,89,0.09632512373216288
15,mae,90.0,0.21,0.94,652,91,0.0973266942529406
16,mse,49.0,0.28,0.63,277,15,0.09594166635624571
17,mae,85.0,0.73,0.63,708,97,0.0972853416273443
18,mae,98.0,0.22,0.15,728,93,0.09635838230490315
19,mae,98.0,0.4,0.21,527,24,0.09687726405940933
20,mae,94.0,0.89,0.56,493,41,0.09472011726436473
21,mse,55.0,0.96,0.56,503,77,0.09671456123360841
22,mse,36.0,0.75,0.86,390,47,0.09485782795990176
23,mse,19.0,0.79,0.34,681,51,0.09629672034542117
24,mae,95.0,0.58,0.52,296,39,0.0965665213901945
25,mse,62.0,0.85,0.75,304,31,0.09587612580508406
26,mse,57.0,0.34,0.99,240,72,0.09672201529179737
27,mae,17.0,0.76,0.75,763,30,0.09707214382768166
28,mse,21.0,0.59,0.37,709,31,0.09570305301302529
29,mse,28.0,0.79,0.81,125,27,0.0962589327019966
30,mae,65.0,0.9,0.5,111,42,0.09578070616844038
31,mse,57.0,0.59,0.3,141,97,0.09739554960838966
32,mse,26.0,0.15,0.27,37,70,0.09645260618156556
33,mae,31.0,0.31,0.56,423,29,0.09679129517148925
34,mse,36.0,0.52,0.26,34,53,0.09743339213390403
35,mae,57.0,0.42,0.17,607,83,0.09807554359952603
36,mse,43.0,0.56,0.13,394,17,0.09695786762869654
37,mse,29.0,0.95,0.83,163,51,0.09834095329910675
38,mse,88.0,0.52,0.15,782,54,0.09473637587378794
39,mse,31.0,0.64,0.85,788,14,0.09726998896691354
40,mse,12.0,0.71,0.67,523,11,0.09609085071783922
41,mse,32.0,0.21,0.95,746,45,0.09400604368482715
42,mse,70.0,0.33,0.2,55,59,0.0962179320530686
43,mae,16.0,0.5,0.43,776,56,0.09681911926404611
44,mse,17.0,0.51,0.55,820,42,0.0965327725754677
45,mae,34.0,0.13,0.74,135,28,0.09721365648417474
46,mse,,0.74,0.21,209,18,0.09627542844876646
47,mse,32.0,0.28,0.2,886,61,0.09629058021925119
48,mse,87.0,0.26,0.14,353,24,0.09568444851822228
49,mse,35.0,0.1,0.27,246,89,0.09591399492854386
50,mae,10.0,0.83,0.96,254,70,0.09677947181706525
51,mse,70.0,0.32,0.82,860,67,0.09443263504315835
52,mae,79.0,0.6,0.78,14,20,0.09536799406756925
53,mae,45.0,0.89,0.92,878,62,0.0963218193948629
54,mae,12.0,0.35,0.63,14,21,0.09714007334544406
55,mse,18.0,0.28,0.86,371,89,0.09582287806891795
56,mae,30.0,0.95,0.78,730,13,0.09579773393703392
57,mse,89.0,0.75,0.47,202,81,0.0957272295246972
58,mae,72.0,0.15,0.48,681,90,0.0950736231933077
59,mse,38.0,0.68,0.73,605,34,0.09706838053662736
60,mse,18.0,0.92,0.41,690,39,0.09545502259858986
61,mse,3.0,0.83,0.67,668,45,0.0960193097592244
62,mse,15.0,0.83,0.7,1,40,0.09470893701221027
63,mae,17.0,0.51,0.79,803,14,0.09686928495362605
64,mse,66.0,0.77,0.45,79,50,0.09616747568988722
65,mse,97.0,0.75,0.76,209,46,0.09695451800843242
66,mae,20.0,0.2,0.76,840,11,0.0965592956696484
67,mae,86.0,0.43,0.24,1,29,0.09615988855997254
68,mae,25.0,0.63,0.57,752,27,0.09738785496136157
69,mse,27.0,0.28,0.77,316,56,0.09660324354841221
70,mae,99.0,0.41,0.29,885,31,0.09590074648998738
71,mae,80.0,0.8,0.43,426,84,0.09713401179084434
72,mse,10.0,0.18,0.51,766,96,0.09551411683142626
73,mse,36.0,0.15,0.86,802,95,0.09560705908905599
74,mae,54.0,0.82,0.94,680,22,0.09636417662638364
75,mae,5.0,0.16,0.73,273,43,0.0964882387057794
76,mae,94.0,0.13,0.25,205,46,0.09515731693353295
77,mae,87.0,0.38,0.82,110,96,0.09757734499287182
78,mse,10.0,0.79,0.67,575,92,0.09622906121795355
79,mae,51.0,0.51,0.64,339,33,0.09677984977192855
80,mse,38.0,0.4,0.97,612,97,0.0954930628705154
81,mse,33.0,0.56,0.2,872,78,0.09740755346696411
82,mae,81.0,0.54,0.37,896,89,0.09633122279045901
83,mae,35.0,0.24,0.84,445,49,0.0962758032591154
84,mae,11.0,0.48,0.45,68,75,0.0947336694708647
85,mse,6.0,0.34,0.44,383,68,0.0937867930635253
86,mae,75.0,0.62,0.29,170,14,0.09472463521720026
87,mae,19.0,0.29,0.9,776,51,0.09700315380051105
88,mae,32.0,0.54,0.12,566,88,0.0964784632562603
89,mse,73.0,0.11,0.17,190,90,0.09717750731195676
90,mse,29.0,0.24,0.79,803,34,0.09568774074096813
91,mse,93.0,0.41,0.4,291,83,0.09694101541843905
92,mae,90.0,0.72,0.85,349,23,0.09633196214380062
93,mae,18.0,0.9,0.53,478,35,0.09672955562337028
94,mse,4.0,0.96,0.73,239,92,0.09702356154391018
95,mae,18.0,0.19,0.31,783,49,0.0952153198085171
96,mse,38.0,0.1,0.21,159,89,0.09458694576828483
97,mse,32.0,0.47,0.51,107,81,0.09426306339429592
98,mse,28.0,0.65,0.11,21,10,0.09596112211273572
99,mae,35.0,0.48,0.14,639,58,0.09521235821708893
100,mse,85.0,0.83,0.18,466,74,0.09566958007874528
101,mae,59.0,0.52,0.85,855,29,0.09669340008467617
102,mae,3.0,0.74,0.18,83,70,0.0979614457256875
103,mse,37.0,0.25,0.3,58,26,0.09566445991688652
104,mse,11.0,0.38,0.37,60,73,0.0965586029300237
105,mse,22.0,0.69,0.98,638,23,0.0947816724972821
106,mse,94.0,0.38,0.69,498,45,0.09517010645122785
107,mse,,0.32,0.25,72,46,0.0960214396154998
108,mae,6.0,0.77,0.29,627,81,0.09417343358857078
109,mae,23.0,0.4,0.16,823,58,0.09652583217024396
110,mse,63.0,0.18,0.21,380,89,0.09642448975948054
111,mae,94.0,0.23,0.3,742,61,0.09813669420281003
112,mae,36.0,0.37,0.18,383,96,0.09608273360875715
113,mse,7.0,0.65,0.42,623,46,0.09343840360681115
114,mae,6.0,0.39,0.49,734,75,0.09601088648201542
115,mae,8.0,0.9,0.97,115,29,0.0971020348599976
116,mae,41.0,0.62,0.96,555,66,0.09521631360324617
117,mse,37.0,0.34,0.44,775,74,0.09552149107156907
118,mse,14.0,0.77,0.94,434,39,0.09709919667568115
119,mae,34.0,0.73,0.19,472,91,0.09666027124131278
120,mse,48.0,0.78,0.48,43,10,0.0968678429412322
121,mse,97.0,0.55,0.62,551,93,0.09589352805492678
122,mse,18.0,0.48,0.27,66,63,0.09565602847490821
123,mse,16.0,0.58,0.16,899,90,0.09773232858429727
124,mse,17.0,0.81,0.32,281,41,0.0958913869952485
125,mae,35.0,0.63,0.54,793,44,0.09650493290260942
126,mse,77.0,0.7,0.63,398,30,0.09625459004647034
127,mse,80.0,0.31,0.91,57,25,0.09697928545919798
128,mse,56.0,0.75,0.85,251,55,0.09636418292282702
129,mse,93.0,0.89,0.82,145,89,0.0952869491451949
130,mse,94.0,0.25,0.27,834,94,0.0973246761372419
131,mse,41.0,0.41,0.18,68,34,0.0960888531106912
132,mae,4.0,0.42,0.26,742,70,0.09693663908075022
133,mse,45.0,0.79,0.95,674,51,0.09565623699302496
134,mae,33.0,0.88,0.64,717,66,0.09552069923439274
135,mae,27.0,0.87,0.97,157,23,0.09672649405330705
136,mse,89.0,0.53,0.47,812,92,0.09571447680308946
137,mse,46.0,0.31,0.57,89,59,0.09654679988417504
138,mse,21.0,0.39,0.71,813,76,0.09534479343992294
139,mse,21.0,0.62,0.79,342,26,0.09617041742129635
140,mae,70.0,0.77,0.63,771,72,0.09590774218147435
141,mse,69.0,0.75,0.71,529,31,0.09569916896843012
142,mae,87.0,0.89,0.95,569,61,0.09645089077825378
143,mse,85.0,0.9,0.68,336,25,0.09502809927460917
144,mse,89.0,0.26,0.28,560,12,0.09651542462111655
145,mse,3.0,0.54,0.11,801,53,0.09541888219626005
146,mse,96.0,0.71,0.1,619,48,0.09696528810353065
147,mae,68.0,0.41,0.41,237,29,0.09527669976009048
148,mae,50.0,0.68,0.86,226,60,0.09562813621035217
149,mae,67.0,0.51,0.63,222,44,0.0961088573035741
150,mse,68.0,0.23,0.98,877,22,0.09674430356202537
151,mae,99.0,0.26,0.41,655,82,0.09447125521689742
152,mse,9.0,0.95,0.77,804,41,0.09753162778799687
153,mae,26.0,0.88,0.99,654,42,0.0960701142006543
154,mse,57.0,0.69,0.86,880,67,0.09654768623068799
155,mse,50.0,0.84,0.38,790,74,0.09703337723075058
156,mse,59.0,0.21,0.54,547,21,0.0957068200460608
157,mse,82.0,0.39,0.72,863,50,0.09664140125737705
158,mae,34.0,0.93,0.34,509,12,0.09716035408669918
159,mse,86.0,0.32,0.98,515,17,0.09542947553046736
160,mse,77.0,0.57,0.62,360,40,0.0957445054553867
161,mae,46.0,0.59,0.38,93,91,0.09601799762780883
162,mse,3.0,0.52,0.87,803,51,0.0973554068951516
163,mae,39.0,0.98,0.33,34,68,0.09603551726783398
164,mae,,0.18,0.26,702,33,0.09627553460975903
165,mae,37.0,0.25,0.56,836,98,0.09649260351729472
166,mse,77.0,0.8,0.66,450,39,0.09596479968997007
167,mse,97.0,0.33,0.97,221,56,0.09599148726989282
168,mae,14.0,0.3,0.4,297,11,0.09783430649568615
169,mae,40.0,0.31,0.8,309,38,0.09656769463654122
170,mse,82.0,0.47,0.83,132,89,0.09635198121699812
171,mse,17.0,0.89,0.74,620,74,0.09604808487049322
172,mse,13.0,0.34,0.5,381,44,0.09659381817600403
173,mae,38.0,0.36,0.18,485,78,0.09762180756368588
174,mae,12.0,0.68,0.27,590,87,0.09647574154200386
175,mse,52.0,0.34,0.74,304,62,0.09491878331843476
176,mae,64.0,0.87,0.93,790,39,0.0948148380485251
177,mae,35.0,0.65,0.88,15,32,0.09553048218186745
178,mse,40.0,0.68,0.39,508,57,0.09694524485794656
179,mae,31.0,0.47,0.8,743,75,0.09485401818396968
180,mae,39.0,0.18,0.59,496,44,0.09536374853579035
181,mae,89.0,0.62,0.15,879,85,0.09700602463320365
182,mae,70.0,0.95,0.21,893,16,0.09710306389130537
183,mse,81.0,0.15,0.51,444,51,0.0960022720281921
184,mae,67.0,0.58,0.79,251,30,0.09641990687648813
185,mse,35.0,0.76,0.44,411,53,0.0960125317078832
186,mse,22.0,0.81,0.12,851,59,0.0955267526646099
187,mse,72.0,0.38,0.36,9,67,0.09569775634844135
188,mse,28.0,0.78,0.65,790,29,0.0947486031782259
189,mae,15.0,0.68,0.66,100,45,0.09767863197096832
190,mse,,0.13,0.62,482,87,0.09596539597711957
191,mse,7.0,0.5,0.9,251,75,0.09558745829475519
192,mse,3.0,0.14,0.85,399,27,0.09512748425338927
193,mae,89.0,0.59,0.21,898,23,0.09612640234652339
194,mse,6.0,0.49,0.6,663,51,0.09598031116122925
195,mae,78.0,0.97,0.7,714,59,0.09748919722312617
196,mse,76.0,0.68,0.83,800,94,0.09631468281022565
197,mae,21.0,0.55,0.49,103,51,0.09591861808988712
198,mse,69.0,0.77,0.86,840,39,0.09552438813540057
199,mae,14.0,0.83,0.85,258,44,0.09617010730813752
200,mse,29.0,0.93,0.14,721,33,0.09491887263785971
201,mse,34.0,0.29,0.55,293,43,0.09601248537425564
202,mse,74.0,0.57,0.73,81,80,0.09621980230301674
203,mse,31.0,0.21,0.14,544,84,0.0955316671162206
204,mse,78.0,0.42,0.13,531,17,0.0952041048616952
205,mae,81.0,0.2,0.94,701,13,0.0949781810048132
206,mae,70.0,0.74,0.83,344,31,0.09741613390226551
207,mae,73.0,0.94,0.25,571,29,0.09640955421406806
208,mae,11.0,0.31,0.58,332,45,0.09706103395232689
209,mse,9.0,0.57,0.52,503,22,0.09679375361398142
210,mse,2.0,0.22,0.18,220,21,0.09520864308196042
211,mse,50.0,0.51,0.22,171,33,0.09637843461559147
212,mae,73.0,0.37,0.46,520,98,0.09720637505964687
213,mse,91.0,0.25,0.54,712,21,0.09645624088204553
214,mae,96.0,0.38,0.43,14,47,0.09709287762204662
215,mae,23.0,0.38,0.49,805,52,0.09670245705701987
216,mae,50.0,0.11,0.61,640,94,0.09616999518600387
217,mse,10.0,0.71,0.43,512,55,0.09581712105492933
218,mse,70.0,0.29,0.97,569,40,0.09597682794876106
219,mse,14.0,0.7,0.15,296,20,0.0956553054832061
220,mse,55.0,0.27,0.62,244,10,0.09666866386442453
221,mse,48.0,0.79,0.22,218,21,0.09626148693449232
222,mae,46.0,0.68,0.71,729,80,0.09649968970827348
223,mse,42.0,0.24,0.43,762,80,0.0950582423274707
224,mae,44.0,0.57,0.7,584,25,0.09686199437604258
225,mae,65.0,0.58,0.32,269,89,0.09728074784632663
226,mae,28.0,0.97,0.13,172,48,0.09577985617346955
227,mae,91.0,0.16,0.98,568,18,0.09544576484397563
228,mse,70.0,0.77,0.57,558,27,0.09629626068945962
229,mae,18.0,0.39,0.59,433,37,0.09650637605087745
230,mae,27.0,0.14,0.91,362,67,0.09677816129488104
231,mae,54.0,0.19,0.68,532,14,0.09649181946562124
232,mae,3.0,0.28,0.24,273,85,0.0972481211512115
233,mse,1.0,0.87,0.2,94,20,0.09578494737270973
234,mse,99.0,0.34,0.44,517,43,0.09656694504925259
235,mse,17.0,0.69,0.7,95,69,0.09639926513157926
236,mae,74.0,0.27,0.21,544,77,0.09709881476148256
237,mse,99.0,0.24,0.42,638,15,0.09586729064338666
238,mse,52.0,0.79,0.41,229,84,0.09664507219807329
239,mse,98.0,0.85,0.65,133,38,0.09582866680172189
240,mae,87.0,0.27,0.73,95,78,0.09612392404147763
241,mae,4.0,0.44,0.17,803,43,0.0952992736892095
242,mse,83.0,0.53,0.31,237,22,0.0953658449956249
243,mae,30.0,0.66,0.48,376,58,0.09700160429061293
244,mse,94.0,0.33,0.92,320,26,0.0962208825208538
245,mse,58.0,0.31,0.84,777,10,0.09626572409052801
246,mse,84.0,0.8,0.36,586,99,0.09515048834081014
247,mae,91.0,0.71,0.42,573,40,0.0956264879618649
248,mae,92.0,0.17,0.61,247,57,0.09556715646121361
249,mae,9.0,0.53,0.18,824,86,0.09747998191925049
250,mse,99.0,0.67,0.89,335,16,0.09715472124234636
251,mae,56.0,0.89,0.51,666,26,0.09586727149948158
252,mse,60.0,0.27,0.56,878,31,0.09667503797179552
253,mse,43.0,0.86,0.52,643,83,0.09611461413933213
254,mse,71.0,0.72,0.98,8,70,0.09608964489708499
255,mse,69.0,0.72,0.5,869,69,0.09526665569355498
256,mae,34.0,0.61,0.13,330,41,0.09795872859111769
257,mse,11.0,0.34,0.74,272,54,0.09713725946216153
258,mse,73.0,0.48,0.91,474,95,0.09585395867474776
259,mse,74.0,0.92,0.52,897,54,0.09502605715637318
260,mae,70.0,0.34,0.81,602,68,0.09660924408935648
261,mse,61.0,0.39,0.53,737,41,0.09661778501154789
262,mae,3.0,0.54,0.72,331,86,0.09591427187682112
263,mse,87.0,0.84,0.58,285,44,0.09635611931931751
264,mae,18.0,0.37,0.72,170,24,0.09702940556965853
265,mse,85.0,0.48,0.28,460,88,0.0959685159859976
266,mae,57.0,0.43,0.74,765,75,0.0973634848563718
267,mae,39.0,0.22,0.96,158,22,0.09592403080873178
268,mse,20.0,0.94,0.52,606,43,0.09650726936145279
269,mae,58.0,0.45,0.88,45,66,0.09425898416687312
270,mae,,0.72,0.19,397,52,0.0964337991281302
271,mae,23.0,0.61,0.52,885,78,0.09554604879517031
272,mse,61.0,0.99,0.75,410,60,0.09631389786885006
273,mse,85.0,0.11,0.97,660,58,0.0961551610105485
274,mse,89.0,0.43,0.5,690,73,0.09522268217018307
275,mae,66.0,0.6,0.44,393,98,0.09699921102098873
276,mse,76.0,0.81,0.76,580,24,0.09608889375773826
277,mae,76.0,0.93,0.29,282,77,0.09652103142626332
278,mae,52.0,0.25,0.59,244,57,0.09511413307165062
279,mse,52.0,0.2,0.64,701,75,0.0955635162729586
280,mae,55.0,0.29,0.96,258,26,0.09610146227346604
281,mse,59.0,0.65,0.92,165,98,0.09654977733674648
282,mse,14.0,0.25,0.65,566,76,0.09684460467293542
283,mae,16.0,0.29,0.86,7,32,0.0972976436549498
284,mse,55.0,0.84,0.66,211,12,0.09726761247744178
285,mse,91.0,0.43,0.23,445,13,0.09587017663030192
286,mae,28.0,0.77,0.62,744,41,0.09594383330589351
287,mse,11.0,0.62,0.29,408,37,0.09564572259433335
288,mse,96.0,0.87,0.58,186,46,0.09553565158524092
289,mse,39.0,0.36,0.42,682,37,0.09515444631723309
290,mse,47.0,0.89,0.33,480,30,0.09580162634820538
291,mae,48.0,0.44,0.98,42,52,0.09648193233658212
292,mae,28.0,0.12,0.28,64,84,0.0963040978887937
293,mae,36.0,0.48,0.15,543,64,0.09614425307179414
294,mae,37.0,0.4,0.3,700,93,0.09651358986710346
295,mae,44.0,0.84,0.3,275,41,0.09729635120118238
296,mse,38.0,0.13,0.42,822,99,0.09674181718725479
297,mse,78.0,0.71,0.85,31,20,0.09499098946350425
298,mse,96.0,0.16,0.87,538,31,0.09605124878514236
299,mse,46.0,0.24,0.77,11,65,0.09739203035636952
300,mse,66.0,0.39,0.14,403,54,0.09586717802685207
301,mae,31.0,0.32,0.57,663,49,0.09515127350203889
302,mse,93.0,0.76,0.22,416,24,0.09609284758523921
303,mae,11.0,0.78,0.28,862,53,0.09727595859135528
304,mse,47.0,0.28,0.8,222,92,0.09621489712060963
305,mae,73.0,0.3,0.9,584,37,0.09583829964406332
306,mse,73.0,0.36,0.37,742,63,0.0954417937160321
307,mse,36.0,0.53,0.29,506,66,0.0952750415827869
308,mae,89.0,0.54,0.61,324,81,0.09784370960344006
309,mae,42.0,0.67,0.15,522,11,0.09704880778173977
310,mae,63.0,0.81,0.61,829,39,0.09608615552154438
311,mse,42.0,0.94,0.24,773,83,0.09675156786416488
312,mse,58.0,0.26,0.15,881,77,0.09485383351921026
313,mse,49.0,0.89,0.77,597,34,0.09471606603080289
314,mse,96.0,0.97,0.87,861,59,0.0970884185040685
315,mae,16.0,0.28,0.29,533,26,0.09792474809250672
316,mse,62.0,0.15,0.44,145,85,0.09674246744765756
317,mse,53.0,0.86,0.51,842,32,0.09567919537204826
318,mse,80.0,0.65,0.92,356,21,0.09524879874691757
319,mse,83.0,0.85,0.35,420,27,0.09604004338096547
320,mse,42.0,0.65,0.41,242,33,0.09590479100733425
321,mse,45.0,0.88,0.14,260,24,0.09680878903358348
322,mae,10.0,0.15,0.54,286,82,0.09856306687140558
323,mse,31.0,0.78,0.46,73,77,0.09539675407281503
324,mae,41.0,0.13,0.6,734,99,0.09693226383531386
325,mse,95.0,0.5,0.92,810,22,0.09704141531017188
326,mae,14.0,0.49,0.19,188,93,0.09558801299241883
327,mae,64.0,0.91,0.9,167,28,0.09687073608719396
328,mse,53.0,0.25,0.88,768,53,0.09661433331257546
329,mse,74.0,0.12,0.6,651,46,0.09774483376263526
330,mae,96.0,0.51,0.13,556,89,0.09623108455983775
331,mae,98.0,0.88,0.14,795,26,0.09658715101580513
332,mse,48.0,0.71,0.28,683,17,0.09641488328683395
333,mae,16.0,0.38,0.3,52,94,0.0955453149952338
334,mse,92.0,0.76,0.34,88,67,0.09636535589612884
335,mse,59.0,0.97,0.11,348,91,0.09531614265101629
336,mse,56.0,0.51,0.16,14,98,0.09639905358377256
337,mae,55.0,0.75,0.6,731,39,0.09552739158764106
338,mae,43.0,0.22,0.11,49,65,0.09530783391973431
339,mse,42.0,0.43,0.51,162,49,0.09633942558419109
340,mae,80.0,0.48,0.68,771,82,0.09686838558358431
341,mae,68.0,0.24,0.46,464,27,0.09572364017354965
342,mae,21.0,0.78,0.36,746,23,0.09494784697615259
343,mse,31.0,0.74,0.67,449,62,0.0978836187923123
344,mae,21.0,0.4,0.27,776,44,0.09676640293752757
345,mae,73.0,0.66,0.29,67,45,0.09642373817859427
346,mae,61.0,0.78,0.13,351,85,0.09457020209584964
347,mse,37.0,0.41,0.8,602,57,0.09754552034907096
348,mae,72.0,0.41,0.57,546,63,0.09778473394720463
349,mse,53.0,0.73,0.68,820,66,0.09561218530119495
350,mae,18.0,0.6,0.59,755,49,0.09707353972091362
351,mae,30.0,0.6,0.74,12,21,0.09676150100823737
352,mse,83.0,0.9,0.69,296,57,0.09552597673171569
353,mse,81.0,0.49,0.33,432,41,0.09571726338213445
354,mse,87.0,0.17,0.57,125,89,0.09782887252455054
355,mae,84.0,0.47,0.42,355,36,0.09617379579660516
356,mse,35.0,0.52,0.27,209,61,0.09456463612053667
357,mse,89.0,0.61,0.54,85,16,0.09554068376178886
358,mse,99.0,0.8,0.16,402,99,0.0946934947299718
359,mse,17.0,0.66,0.8,562,45,0.09575079656371759
360,mse,1.0,0.31,0.68,855,62,0.0975174775661403
361,mae,1.0,0.47,0.74,648,25,0.09643493962836702
362,mae,69.0,0.93,0.14,441,26,0.09702553771755835
363,mse,73.0,0.68,0.54,176,80,0.09727975573067016
364,mse,56.0,0.34,0.52,472,42,0.09636503866174238
365,mse,75.0,0.7,0.45,44,86,0.09422685594898045
366,mse,98.0,0.8,0.26,862,54,0.09496724036044792
367,mae,13.0,0.68,0.64,148,22,0.09759368481859959
368,mse,43.0,0.6,0.21,584,14,0.0966424227534456
369,mae,51.0,0.2,0.34,861,69,0.09732317316618704
370,mse,36.0,0.19,0.9,773,18,0.09551721440575976
371,mae,28.0,0.96,0.58,89,72,0.09558601000072414
372,mse,91.0,0.32,0.86,620,28,0.09679578658369636
373,mse,72.0,0.97,0.59,616,48,0.09548603417575426
374,mae,98.0,0.2,0.61,374,40,0.09675860896333842
375,mse,23.0,0.46,0.7,899,29,0.09673760843958873
376,mse,21.0,0.8,0.54,548,39,0.09588008307834661
377,mae,63.0,0.12,0.4,793,42,0.09713135246763707
378,mae,71.0,0.39,0.5,893,44,0.09594507194930867
379,mae,93.0,0.83,0.47,154,64,0.09704884844091646
380,mse,90.0,0.72,0.35,594,21,0.09566602387940507
381,mse,71.0,0.48,0.56,103,56,0.09519319189768864
382,mae,81.0,0.24,0.94,461,99,0.09684066172975919
383,mae,77.0,0.52,0.61,91,35,0.09604751034675246
384,mse,84.0,0.73,0.62,253,78,0.0956585986455432
385,mae,92.0,0.8,0.64,553,12,0.09559935263563152
386,mse,9.0,0.96,0.91,771,40,0.09627904023032627
387,mse,42.0,0.27,0.57,715,26,0.0962796973004013
388,mse,72.0,0.95,0.23,704,70,0.09665493988083694
389,mae,84.0,0.5,0.46,114,30,0.09594698483436043
390,mse,25.0,0.17,0.69,311,71,0.09684138464086345
391,mse,88.0,0.87,0.75,572,44,0.09710212744298906
392,mse,11.0,0.94,0.22,237,70,0.09636733354299058
393,mae,,0.7,0.82,83,53,0.09632446060722528
394,mae,3.0,0.56,0.44,324,34,0.09725210365351657
395,mse,11.0,0.35,0.11,855,46,0.09593483265233983
396,mae,34.0,0.1,0.2,92,31,0.09540454748319334
397,mse,43.0,0.24,0.73,807,97,0.09767278021662985
398,mae,88.0,0.5,0.12,656,94,0.09661436413684132
399,mae,97.0,0.69,0.86,352,58,0.09700857393450284
400,mae,60.0,0.19,0.78,396,80,0.095777198905271
401,mse,52.0,0.42,0.74,181,12,0.0965854196145415
402,mae,68.0,0.26,0.39,434,61,0.09667192632444402
403,mse,4.0,0.96,0.54,652,52,0.09539639776125877
404,mse,17.0,0.88,0.47,517,68,0.096128515595514
405,mse,31.0,0.71,0.51,725,36,0.09650912380075256
406,mse,47.0,0.83,0.16,826,23,0.09688734089629791
407,mse,88.0,0.29,0.65,471,94,0.09596198562975293
408,mse,27.0,0.39,0.13,790,57,0.09601942558732642
409,mae,13.0,0.53,0.59,41,87,0.09787238131367203
410,mse,44.0,0.73,0.13,602,67,0.09602484465446973
411,mae,27.0,0.99,0.43,594,93,0.09624308840953208
412,mae,27.0,0.89,0.87,594,96,0.09633272893394215
413,mse,55.0,0.46,0.76,748,79,0.09600011772686859
414,mse,97.0,0.68,0.26,32,99,0.09676136592916922
415,mae,89.0,0.23,0.81,404,27,0.09651379657913474
416,mse,93.0,0.53,0.27,752,65,0.09595819092917383
417,mse,26.0,0.53,0.6,493,15,0.09717154468532814
418,mae,98.0,0.48,0.24,319,12,0.09677122850857686
419,mse,75.0,0.67,0.52,52,82,0.09524132923404553
420,mae,98.0,0.76,0.29,170,53,0.09504911747246554
421,mse,46.0,0.37,0.18,305,55,0.09611811004211582
422,mse,47.0,0.4,0.34,264,98,0.09649173488828866
423,mse,19.0,0.36,0.43,40,93,0.09740068728714814
424,mse,41.0,0.34,0.67,80,89,0.09573866124791308
425,mse,81.0,0.98,0.27,362,64,0.09688409542809497
426,mae,53.0,0.58,0.8,639,36,0.09636403829781241
427,mae,84.0,0.8,0.36,609,78,0.09636761002126627
428,mse,58.0,0.95,0.26,313,50,0.09537423551142976
429,mae,3.0,0.81,0.71,857,86,0.09756572408457474
430,mae,97.0,0.26,0.47,412,46,0.09599824802633046
431,mae,47.0,0.49,0.35,823,26,0.09609315909267808
432,mae,33.0,0.93,0.73,467,97,0.09661214243889255
433,mae,75.0,0.32,0.25,648,55,0.09696163262235166
434,mse,1.0,0.37,0.25,518,41,0.09602694899865849
435,mse,66.0,0.4,0.63,270,24,0.0963468530909857
436,mse,37.0,0.48,0.24,611,82,0.0977549161425019
437,mae,20.0,0.18,0.94,500,63,0.09763924736960572
438,mae,13.0,0.6,0.82,439,14,0.09705889511227658
439,mse,19.0,0.84,0.67,38,50,0.09700361281122173
440,mae,36.0,0.5,0.71,81,38,0.09640568545546867
441,mse,60.0,0.85,0.99,660,49,0.09747286620844388
442,mae,59.0,0.77,0.73,893,27,0.09538186852711444
443,mse,4.0,0.77,0.25,458,60,0.09739081606905356
444,mse,46.0,0.34,0.98,28,83,0.09731003640808174
445,mse,61.0,0.53,0.29,80,66,0.09692690795653222
446,mae,37.0,0.72,0.57,233,74,0.0969939137158081
447,mse,12.0,0.72,0.14,560,23,0.09660673812571421
448,mse,10.0,0.37,0.9,19,62,0.09666595012064907
449,mae,,0.27,0.23,739,76,0.09624153881341047
450,mse,31.0,0.14,0.26,867,35,0.09615055260556983
451,mae,59.0,0.16,0.35,65,82,0.09620810235603455
452,mae,93.0,0.67,0.93,714,29,0.09759503376571654
453,mae,98.0,0.54,0.3,451,71,0.09723391303161208
454,mse,22.0,0.96,0.71,527,98,0.09666087508456954
455,mse,80.0,0.92,0.2,129,84,0.09496874313610768
456,mse,2.0,0.15,0.81,695,58,0.0964656609176588
457,mse,94.0,0.45,0.2,371,11,0.095903479095791
458,mse,87.0,0.34,0.64,741,59,0.0957552506721447
459,mse,46.0,0.37,0.93,663,13,0.09635889507267352
460,mse,53.0,0.37,0.66,676,22,0.09739621212412541
461,mse,71.0,0.38,0.76,245,33,0.09604740887185272
462,mse,57.0,0.79,0.8,69,27,0.09560929833045773
463,mse,66.0,0.49,0.73,488,38,0.09516736346829321
464,mae,44.0,0.54,0.82,94,75,0.09725861357106297
465,mae,2.0,0.75,0.44,844,59,0.09603764692841284
466,mse,5.0,0.2,0.59,697,87,0.09564078319232958
467,mse,11.0,0.79,0.95,741,63,0.09578679002373232
468,mae,28.0,0.17,0.4,245,48,0.09773053018514136
469,mae,9.0,0.75,0.43,306,88,0.09581267450266727
470,mae,12.0,0.5,0.51,412,27,0.09652801779584841
471,mse,9.0,0.19,0.45,280,73,0.09611438825082265
472,mae,8.0,0.99,0.9,211,90,0.0942503936213469
473,mse,20.0,0.91,0.12,535,73,0.09628265218627577
474,mse,31.0,0.23,0.1,761,62,0.09565633659423355
475,mae,58.0,0.94,0.91,336,84,0.09693435579398309
476,mse,47.0,0.81,0.91,836,22,0.09669839655090058
477,mse,76.0,0.27,0.52,319,86,0.09490324266120463
478,mae,33.0,0.44,0.94,11,50,0.0954844948694666
479,mae,19.0,0.34,0.62,274,19,0.0967868509156543
480,mae,70.0,0.29,0.43,589,76,0.0956756530737576
481,mae,34.0,0.99,0.16,71,61,0.09810829022499386
482,mae,86.0,0.53,0.99,629,68,0.09617985658096896
483,mse,44.0,0.72,0.99,802,64,0.0972080941965613
484,mse,44.0,0.28,0.67,555,45,0.09843029927508366
485,mae,52.0,0.8,0.1,380,23,0.09622521227793496
486,mae,35.0,0.76,0.5,749,61,0.09615601531056597
487,mse,39.0,0.69,0.46,631,95,0.09563474300106337
488,mse,36.0,0.19,0.69,882,50,0.09578624152975686
489,mae,89.0,0.52,0.95,781,31,0.09609265076849526
490,mse,20.0,0.74,0.67,774,48,0.0949680477379408
491,mae,85.0,0.87,0.42,147,54,0.09582166409386839
492,mse,60.0,0.53,0.76,104,64,0.09602532801404425
493,mae,74.0,0.42,0.9,65,21,0.09686158888375165
494,mae,91.0,0.8,0.45,232,97,0.09556552972934987
495,mse,16.0,0.6,0.37,543,80,0.09522988259332922
496,mse,27.0,0.19,0.3,2,38,0.0954831903053898
497,mse,,0.24,0.94,852,14,0.09574037028008422
498,mse,26.0,0.36,0.17,656,15,0.09541649518521067
499,mae,37.0,0.73,0.49,869,73,0.0966249146725992
500,mae,68.0,0.76,0.88,357,40,0.09756337352829499
501,mae,81.0,0.3,0.86,354,34,0.0971964401107569
502,mse,62.0,0.5,0.91,140,26,0.09732080872847257
503,mae,51.0,0.21,0.6,241,25,0.09710870678691744
504,mse,54.0,0.92,0.74,721,70,0.09462131150916629
505,mae,74.0,0.15,0.39,722,39,0.0957861534360574
506,mae,81.0,0.35,0.74,746,12,0.09638089236002331
507,mae,91.0,0.32,0.97,4,93,0.09758513438626866
508,mae,59.0,0.72,0.14,121,11,0.09760105069951612
509,mse,8.0,0.61,0.8,51,50,0.09700448246376166
510,mae,57.0,0.45,0.91,519,46,0.09594280654729237
511,mse,47.0,0.18,0.16,247,94,0.09717207691874469
512,mse,13.0,0.92,0.64,616,47,0.09500834429195547
513,mse,63.0,0.21,0.48,855,86,0.09444163822973287
514,mse,74.0,0.57,0.52,649,54,0.09563197441771364
515,mae,12.0,0.52,0.94,364,35,0.09693877956391767
516,mae,,0.54,0.26,128,91,0.09615426488183097
517,mae,78.0,0.52,0.84,431,60,0.09575670328563972
518,mse,55.0,0.87,0.66,819,46,0.09623339407173032
519,mae,5.0,0.13,0.23,136,97,0.09752101231721223
520,mse,84.0,0.11,0.36,816,70,0.09596157630116872
521,mse,63.0,0.68,0.43,286,70,0.09696681702501353
522,mae,73.0,0.84,0.59,639,63,0.09815816268517161
523,mae,89.0,0.48,0.29,30,34,0.09575085690388502
524,mae,90.0,0.68,0.59,196,23,0.09622837694980779
525,mse,74.0,0.26,0.88,311,92,0.09550661359981494
526,mae,5.0,0.7,0.7,158,60,0.09678768393044264
527,mae,41.0,0.53,0.53,168,29,0.09623734122003526
528,mae,49.0,0.92,0.72,135,81,0.09599807685721386
529,mse,3.0,0.53,0.89,611,16,0.09600634325252663
530,mae,98.0,0.1,0.62,833,86,0.09575798711432384
531,mae,88.0,0.41,0.92,741,78,0.09547478109958717
532,mse,61.0,0.76,0.99,608,63,0.09529667320164183
533,mse,8.0,0.83,0.21,66,46,0.0955056519467055
534,mse,81.0,0.58,0.16,276,18,0.09664782683178658
535,mae,62.0,0.1,0.25,407,37,0.09587554347608593
536,mae,38.0,0.47,0.79,679,10,0.09678668203187382
537,mae,46.0,0.94,0.56,577,90,0.09563257404142078
538,mse,58.0,0.99,0.33,218,18,0.09534870472036017
539,mae,15.0,0.81,0.67,350,68,0.09646574858647697
540,mae,82.0,0.47,0.96,899,77,0.0967133246342644
541,mae,20.0,0.16,0.33,248,65,0.09686092411467694
542,mse,1.0,0.34,0.42,228,65,0.09545415665679566
543,mae,1.0,0.43,0.24,415,24,0.09453551892404503
544,mae,75.0,0.98,0.38,680,14,0.0963845424914854
545,mae,75.0,0.52,0.53,150,84,0.09593147597430086
546,mae,25.0,0.57,0.72,828,47,0.0964348881135201
547,mae,4.0,0.96,0.7,153,26,0.09579796991901769
548,mse,19.0,0.87,0.15,124,88,0.09558733627218485
549,mse,93.0,0.23,0.62,22,44,0.09606014487909008
550,mse,78.0,0.4,0.68,145,69,0.0954557498770324
551,mae,75.0,0.4,0.49,762,98,0.0963674905690831
552,mse,21.0,0.51,0.77,557,11,0.09722438027645999
553,mse,13.0,0.91,0.95,416,35,0.09664402081580024
554,mae,58.0,0.33,0.33,523,80,0.09723846535172842
555,mse,34.0,0.46,0.73,104,63,0.09551178033629676
556,mae,88.0,0.3,0.48,62,84,0.09568115093727388
557,mae,25.0,0.11,0.32,712,49,0.09528679690400003
558,mse,59.0,0.1,0.5,282,26,0.09638471269036189
559,mse,20.0,0.13,0.81,714,94,0.09676896152419312
560,mae,66.0,0.12,0.58,612,65,0.09658456140392327
561,mse,6.0,0.41,0.66,562,12,0.09518747516675127
562,mse,68.0,0.75,0.19,862,14,0.09640430606371772
563,mse,13.0,0.37,0.6,608,30,0.09456217455103472
564,mae,21.0,0.3,0.82,332,10,0.09558905270713772
565,mse,8.0,0.39,0.63,607,53,0.0969094079165768
566,mse,55.0,0.6,0.18,338,87,0.0970077378554946
567,mae,4.0,0.41,0.46,462,94,0.0976779305179597
568,mae,25.0,0.91,0.54,758,35,0.09698766679584796
569,mse,39.0,0.14,0.27,76,56,0.09502118534722483
570,mse,2.0,0.42,0.73,299,64,0.09597925869285627
571,mse,22.0,0.7,0.48,48,46,0.09619762182248752
572,mae,68.0,0.7,0.8,515,89,0.09604028272012896
573,mse,71.0,0.54,0.57,195,86,0.0944839682602877
574,mse,33.0,0.94,0.42,479,15,0.09696677057712208
575,mae,89.0,0.51,0.41,629,19,0.09660345281005471
576,mse,13.0,0.24,0.47,393,96,0.09499921729529594
577,mae,96.0,0.86,0.37,646,33,0.09595276946146927
578,mse,92.0,0.98,0.62,853,64,0.0935324331652345
579,mae,11.0,0.97,0.71,335,45,0.09635849652803942
580,mse,11.0,0.63,0.91,644,18,0.09644008258637499
581,mae,93.0,0.23,0.12,599,66,0.09711831376286369
582,mse,84.0,0.1,0.11,645,56,0.09619292916093405
583,mse,82.0,0.71,0.83,759,32,0.09654392208971198
584,mse,35.0,0.11,0.91,627,84,0.09587861953572047
585,mae,99.0,0.25,0.21,97,76,0.09590589648279163
586,mae,58.0,0.47,0.43,439,25,0.09696934569157785
587,mse,48.0,0.26,0.63,617,92,0.0946628996909532
588,mae,75.0,0.67,0.59,193,56,0.0957705362221243
589,mae,63.0,0.78,0.86,79,72,0.09814541067534033
590,mae,61.0,0.67,0.56,321,46,0.09544300880252861
591,mae,6.0,0.4,0.89,716,61,0.09647635271830345
592,mse,33.0,0.43,0.19,95,33,0.09649536354200393
593,mse,45.0,0.96,0.78,465,33,0.09607247158365541
594,mse,10.0,0.5,0.21,64,74,0.09565564311270663
595,mae,88.0,0.62,0.51,225,49,0.0957153706507104
596,mae,51.0,0.15,0.15,713,83,0.09503445979300953
597,mae,56.0,0.14,0.28,75,64,0.09620138886508232
